{
  "train_loss": [
    1.3563378751277924,
    1.1360170245170593,
    1.017334520816803,
    0.9548737108707428,
    0.8976661711931229,
    0.8472036719322205,
    0.8197968602180481,
    0.7811857163906097,
    0.7364745140075684,
    0.7008578777313232,
    0.6823891550302505,
    0.6511802673339844,
    0.6214999854564667,
    0.586260050535202,
    0.5530819743871689,
    0.521464079618454,
    0.5024788528680801,
    0.47188398241996765,
    0.4471942186355591,
    0.42293840646743774,
    0.4013948142528534,
    0.38187163323163986,
    0.3598548248410225,
    0.3660571277141571,
    0.3603425770998001,
    0.33882343024015427,
    0.34490297734737396,
    0.30991941690444946,
    0.28866370767354965,
    0.27405159175395966,
    0.2614254057407379,
    0.2565450519323349,
    0.24297184497117996,
    0.2375856526196003,
    0.22975504398345947,
    0.2198682725429535,
    0.21262860298156738,
    0.20724423602223396,
    0.20272020995616913,
    0.20132876932621002,
    0.195156991481781,
    0.18987736105918884,
    0.18617114052176476,
    0.1811053603887558,
    0.17598846927285194,
    0.17709216848015785,
    0.16979317739605904,
    0.16653961688280106,
    0.163311455398798,
    0.16271176934242249
  ],
  "train_iou": [
    0.3097237581387162,
    0.5234783738851547,
    0.5925889611244202,
    0.6262665241956711,
    0.6502147018909454,
    0.657085046172142,
    0.669466108083725,
    0.673143059015274,
    0.687401607632637,
    0.6938965618610382,
    0.6981184631586075,
    0.7056306302547455,
    0.71938256919384,
    0.728094145655632,
    0.7383654415607452,
    0.754237100481987,
    0.7576659172773361,
    0.7800815254449844,
    0.786758691072464,
    0.796694204211235,
    0.7996923923492432,
    0.8083263039588928,
    0.8105706721544266,
    0.813181072473526,
    0.789180189371109,
    0.7987536042928696,
    0.8110320866107941,
    0.8164095878601074,
    0.818767175078392,
    0.8277134150266647,
    0.8328773379325867,
    0.8340389430522919,
    0.8365765661001205,
    0.84073606133461,
    0.8428699970245361,
    0.8454431593418121,
    0.847821369767189,
    0.8489803224802017,
    0.8494090884923935,
    0.8514936119318008,
    0.8529547899961472,
    0.8559149503707886,
    0.8572714924812317,
    0.8567163795232773,
    0.8589600026607513,
    0.8589482307434082,
    0.8618125021457672,
    0.8633228093385696,
    0.8649638742208481,
    0.8669992834329605
  ],
  "val_loss": [
    1.4545724391937256,
    1.3486970663070679,
    1.2468910217285156,
    1.1880913972854614,
    1.1069997549057007,
    1.0073943138122559,
    0.9378782510757446,
    0.8951241970062256,
    0.8396085500717163,
    0.8044098615646362,
    0.6809365749359131,
    0.6916310787200928,
    0.6322383880615234,
    0.6293859481811523,
    0.6344597339630127,
    0.5812743902206421,
    0.5922591686248779,
    0.6284419894218445,
    0.6008714437484741,
    0.5608654618263245,
    0.5500842928886414,
    0.5620986819267273,
    0.5496360659599304,
    0.4534864127635956,
    0.5701662302017212,
    0.5955586433410645,
    0.6988975405693054,
    0.5031477808952332,
    0.3868570923805237,
    0.3634682893753052,
    0.34587839245796204,
    0.35673466324806213,
    0.33864548802375793,
    0.3078552484512329,
    0.28667253255844116,
    0.27850455045700073,
    0.2678803503513336,
    0.24191449582576752,
    0.22463323175907135,
    0.2164766788482666,
    0.213459312915802,
    0.2045479267835617,
    0.20485761761665344,
    0.19699665904045105,
    0.19990205764770508,
    0.19267308712005615,
    0.1972031593322754,
    0.18804678320884705,
    0.17940306663513184,
    0.17288291454315186
  ],
  "val_iou": [
    0.0,
    0.0,
    0.002358746714890003,
    0.030771354213356972,
    0.14923730492591858,
    0.3528297245502472,
    0.5010523796081543,
    0.5581411123275757,
    0.6014140248298645,
    0.6387892365455627,
    0.6615747809410095,
    0.6972636580467224,
    0.7062533497810364,
    0.7143869996070862,
    0.7442103624343872,
    0.7482678890228271,
    0.7716001868247986,
    0.7803277969360352,
    0.7912018895149231,
    0.7933220267295837,
    0.8001792430877686,
    0.7881014943122864,
    0.7983697652816772,
    0.7978134155273438,
    0.7726391553878784,
    0.7977579236030579,
    0.8008282780647278,
    0.7985016107559204,
    0.8106191754341125,
    0.8170039653778076,
    0.8191218376159668,
    0.8259422183036804,
    0.8249077200889587,
    0.8296509981155396,
    0.832309901714325,
    0.8365347385406494,
    0.838053822517395,
    0.8417345285415649,
    0.8427450656890869,
    0.8475412130355835,
    0.8493687510490417,
    0.8521270155906677,
    0.8474640846252441,
    0.8523334264755249,
    0.8520275354385376,
    0.8511514067649841,
    0.852135419845581,
    0.8581984043121338,
    0.8563284277915955,
    0.8545342087745667
  ]
}